"pk","sk","attributes","identifier","parents"
"P703300001","#","{""is_vet"":{""S"":""false""},""is_covered_person"":{""S"":""true""},""is_registered"":{""S"":""true""},""is_vet_clerk_at"":{""L"":[]},""is_reg_vet"":{""S"":""false""},""is_hisa_staff"":{""S"":""false""},""hisa_staff_clearance"":{""S"":""""},""is_stall_admin_at"":{""L"":[]},""is_barred"":{""S"":""false""},""is_steward"":{""S"":""false""},""is_claim_clerk_at"":{""L"":[]},""is_vet_at"":{""L"":[]},""is_safety_dir_at"":{""L"":[]}}","{""entityId"":{""S"":""P703300001""},""entityType"":{""S"":""hisa::person""}}","[]"
"H000000199","#","{""do"":{""M"":{""entityIdentifier"":{""M"":{""entityId"":{""S"":""P703300002""},""entityType"":{""S"":""hisa::person""}}}}},""rp"":{""M"":{""entityIdentifier"":{""M"":{""entityId"":{""S"":""P703300001""},""entityType"":{""S"":""hisa::person""}}}}},""av"":{""L"":[]},""is_registered"":{""S"":""true""},""shared"":{""L"":[{""M"":{""entityIdentifier"":{""M"":{""entityId"":{""S"":""P703300003""},""entityType"":{""S"":""hisa::person""}}}}}]},""sticky_notes"":{""L"":[]},""files"":{""L"":[]},""location"":{""M"":{""entityIdentifier"":{""M"":{""entityId"":{""S"":""L000000002""},""entityType"":{""S"":""hisa::track""}}}}}}","{""entityType"":{""S"":""hisa::horse""},""entityId"":{""S"":""H000000199""}}","[]"
"3RD000000001","#","{""is_enabled"":{""S"":""true""},""allowed_commands"":{""L"":[{""M"":{""entityIdentifier"":{""M"":{""entityType"":{""S"":""hisa::system_function""},""entityId"":{""S"":""integrator.send_command""}}}}},{""M"":{""entityIdentifier"":{""M"":{""entityId"":{""S"":""transaction.get_result""},""entityType"":{""S"":""hisa::system_function""}}}}},{""M"":{""entityIdentifier"":{""M"":{""entityId"":{""S"":""transaction.start""},""entityType"":{""S"":""hisa::system_function""}}}}}]}}","{""entityType"":{""S"":""hisa::integrator""},""entityId"":{""S"":""3RD000000001""}}","[]"
"P703300004","#","{""is_stall_admin_at"":{""L"":[]},""is_vet_clerk_at"":{""L"":[]},""is_vet_at"":{""L"":[]},""hisa_staff_clearance"":{""S"":""""},""is_steward"":{""S"":""false""},""is_reg_vet"":{""S"":""false""},""is_registered"":{""S"":""true""},""is_hisa_staff"":{""S"":""false""},""is_vet"":{""S"":""false""},""is_barred"":{""S"":""false""},""is_covered_person"":{""S"":""true""},""is_safety_dir_at"":{""L"":[]},""is_claim_clerk_at"":{""L"":[]}}","{""entityId"":{""S"":""P703300004""},""entityType"":{""S"":""hisa::person""}}","[]"
"3RD000000002","#","{""allowed_commands"":{""L"":[{""M"":{""entityIdentifier"":{""M"":{""entityType"":{""S"":""hisa::system_function""},""entityId"":{""S"":""horse.get_assigned""}}}}}]},""is_enabled"":{""S"":""false""}}","{""entityId"":{""S"":""3RD000000002""},""entityType"":{""S"":""hisa::integrator""}}","[]"
"P703300002","#","{""is_claim_clerk_at"":{""L"":[]},""hisa_staff_clearance"":{""S"":""""},""is_registered"":{""S"":""true""},""is_covered_person"":{""S"":""true""},""is_vet_clerk_at"":{""L"":[]},""is_reg_vet"":{""S"":""false""},""is_vet_at"":{""L"":[]},""is_barred"":{""S"":""false""},""is_vet"":{""S"":""false""},""is_steward"":{""S"":""false""},""is_safety_dir_at"":{""L"":[]},""is_stall_admin_at"":{""L"":[]},""is_hisa_staff"":{""S"":""false""}}","{""entityId"":{""S"":""P703300002""},""entityType"":{""S"":""hisa::person""}}","[]"
"P000263044","#","{""is_hisa_staff"":{""S"":""false""},""is_steward"":{""S"":""false""},""is_claim_clerk_at"":{""L"":[]},""is_vet_at"":{""L"":[]},""hisa_staff_clearance"":{""S"":""""},""is_barred"":{""S"":""false""},""is_vet_clerk_at"":{""L"":[]},""is_registered"":{""S"":""true""},""is_covered_person"":{""S"":""true""},""is_reg_vet"":{""S"":""false""},""is_stall_admin_at"":{""L"":[]},""is_vet"":{""S"":""false""},""is_safety_dir_at"":{""L"":[]}}","{""entityType"":{""S"":""hisa::person""},""entityId"":{""S"":""P000263044""}}","[]"
"all_horses","#","{}","{""entityId"":{""S"":""horse_default""},""entityType"":{""S"":""hisa::all_horses""}}","[]"
"3RD000000003","#","{""allowed_commands"":{""L"":[{""M"":{""entityIdentifier"":{""M"":{""entityType"":{""S"":""hisa::system_function""},""entityId"":{""S"":""horse.get_assigned""}}}}}]},""is_enabled"":{""S"":""true""}}","{""entityType"":{""S"":""hisa::integrator""},""entityId"":{""S"":""3RD000000003""}}","[]"
"P703300003","#","{""is_barred"":{""S"":""false""},""is_vet_at"":{""L"":[]},""is_hisa_staff"":{""S"":""false""},""is_stall_admin_at"":{""L"":[]},""is_claim_clerk_at"":{""L"":[]},""is_registered"":{""S"":""true""},""is_covered_person"":{""S"":""true""},""is_reg_vet"":{""S"":""false""},""is_vet_clerk_at"":{""L"":[]},""is_steward"":{""S"":""false""},""is_safety_dir_at"":{""L"":[]},""hisa_staff_clearance"":{""S"":""""},""is_vet"":{""S"":""false""}}","{""entityId"":{""S"":""P703300003""},""entityType"":{""S"":""hisa::person""}}","[]"
"PLR000000001","#","{""created_by"":{""M"":{""entityIdentifier"":{""M"":{""entityType"":{""S"":""hisa::person""},""entityId"":{""S"":""P703300003""}}}}},""horse"":{""M"":{""entityIdentifier"":{""M"":{""entityId"":{""S"":""H000000199""},""entityType"":{""S"":""hisa::horse""}}}}}}","{""entityId"":{""S"":""PLR000000001""},""entityType"":{""S"":""hisa::plr""}}","[]"